{"stats":{"minecraft:custom":{"minecraft:mob_kills":50,"minecraft:animals_bred":4,"minecraft:interact_with_crafting_table":30,"minecraft:leave_game":7,"minecraft:time_since_death":259202,"minecraft:climb_one_cm":11868,"minecraft:sprint_one_cm":456959,"minecraft:walk_one_cm":980809,"minecraft:drop":94,"minecraft:talked_to_villager":1,"minecraft:play_time":259202,"minecraft:sneak_time":13129,"minecraft:walk_under_water_one_cm":38014,"minecraft:jump":3411,"minecraft:interact_with_blast_furnace":29,"minecraft:walk_on_water_one_cm":59952,"minecraft:total_world_time":259202,"minecraft:interact_with_furnace":2,"minecraft:sleep_in_bed":9,"minecraft:time_since_rest":81200,"minecraft:damage_taken":2891,"minecraft:damage_dealt":7797,"minecraft:swim_one_cm":45573,"minecraft:fly_one_cm":639853,"minecraft:open_chest":108,"minecraft:crouch_one_cm":40863,"minecraft:interact_with_smoker":13,"minecraft:fish_caught":11,"minecraft:fall_one_cm":81842},"minecraft:dropped":{"minecraft:enchanted_book":4,"minecraft:iron_ingot":5,"minecraft:golden_boots":1,"minecraft:bread":11,"minecraft:ominous_bottle":1,"minecraft:wheat_seeds":19,"minecraft:lapis_lazuli":34,"minecraft:lilac":1,"minecraft:glow_ink_sac":3,"minecraft:diamond":21,"minecraft:crossbow":1,"minecraft:lead":1,"minecraft:cobblestone":11,"minecraft:waxed_copper_grate":1,"minecraft:polished_tuff":2,"minecraft:granite":12,"minecraft:saddle":1,"minecraft:coal":39,"minecraft:golden_apple":2,"minecraft:stick":4,"minecraft:dirt":5,"minecraft:diorite":2,"minecraft:torch":1,"minecraft:fishing_rod":1,"minecraft:bucket":1,"minecraft:dandelion":2,"minecraft:tuff_bricks":6,"minecraft:soul_torch":10,"minecraft:cobbled_deepslate":2,"minecraft:raw_copper":5,"minecraft:bowl":1,"minecraft:tuff":2,"minecraft:wheat":16,"minecraft:raw_iron":125,"minecraft:pointed_dripstone":1,"minecraft:rotten_flesh":2,"minecraft:waxed_copper_block":2,"minecraft:wind_charge":4,"minecraft:cobblestone_slab":5,"minecraft:diamond_chestplate":1,"minecraft:gunpowder":1,"minecraft:diamond_pickaxe":1,"minecraft:andesite":5,"minecraft:diamond_boots":1,"minecraft:bow":2,"minecraft:raw_gold":22},"minecraft:picked_up":{"minecraft:iron_chestplate":1,"minecraft:wheat":30,"minecraft:ominous_bottle":1,"minecraft:oak_stairs":2,"minecraft:nether_brick":6,"minecraft:wind_charge":4,"minecraft:string":5,"minecraft:raw_copper":10,"minecraft:iron_axe":1,"minecraft:pufferfish":4,"minecraft:blackstone":14,"minecraft:cobbled_deepslate":131,"minecraft:trial_key":2,"minecraft:egg":1,"minecraft:raw_iron":196,"minecraft:oak_fence":1,"minecraft:torch":11,"minecraft:bowl":1,"minecraft:waxed_copper_grate":3,"minecraft:waxed_weathered_copper_bulb":1,"minecraft:cherry_log":2,"minecraft:pointed_dripstone":1,"minecraft:diorite":2,"minecraft:dark_oak_planks":2,"minecraft:arrow":20,"minecraft:rotten_flesh":12,"minecraft:tuff_bricks":6,"minecraft:obsidian":1,"minecraft:cod":6,"minecraft:cobblestone":90,"minecraft:birch_log":5,"minecraft:lilac":1,"minecraft:glow_ink_sac":3,"minecraft:andesite":6,"minecraft:salmon":10,"minecraft:leather":6,"minecraft:smoker":1,"minecraft:flint":1,"minecraft:tuff":4,"minecraft:oak_log":59,"minecraft:waxed_copper_block":2,"minecraft:gunpowder":3,"minecraft:dirt":12,"minecraft:lapis_lazuli":127,"minecraft:leather_boots":1,"minecraft:bone":14,"minecraft:apple":5,"minecraft:bow":3,"minecraft:wheat_seeds":21,"minecraft:raw_gold":43,"minecraft:iron_sword":1,"minecraft:oak_planks":13,"minecraft:ghast_tear":1,"minecraft:quartz":9,"minecraft:dandelion":3,"minecraft:dripstone_block":2,"minecraft:gravel":8,"minecraft:blast_furnace":1,"minecraft:grass_block":1,"minecraft:polished_tuff":5,"minecraft:mossy_cobblestone":1,"minecraft:diamond":28,"minecraft:crossbow":2,"minecraft:granite":12,"minecraft:bread":21,"minecraft:oak_sapling":2,"minecraft:netherrack":16,"minecraft:coal":166,"minecraft:ender_pearl":1},"minecraft:broken":{"minecraft:stone_pickaxe":1,"minecraft:iron_pickaxe":2},"minecraft:used":{"minecraft:oak_fence":15,"minecraft:flint_and_steel":1,"minecraft:ladder":3,"minecraft:chest":1,"minecraft:iron_sword":88,"minecraft:cooked_salmon":5,"minecraft:trial_key":2,"minecraft:oak_door":1,"minecraft:torch":356,"minecraft:dirt":4,"minecraft:waxed_copper_grate":2,"minecraft:obsidian":14,"minecraft:iron_hoe":25,"minecraft:dark_oak_planks":51,"minecraft:iron_axe":76,"minecraft:grass_block":1,"minecraft:oak_stairs":2,"minecraft:oak_sapling":2,"minecraft:egg":1,"minecraft:cobbled_deepslate":104,"minecraft:wheat_seeds":46,"minecraft:cooked_mutton":10,"minecraft:water_bucket":13,"minecraft:waxed_weathered_copper_bulb":1,"minecraft:birch_planks":11,"minecraft:stone_pickaxe":132,"minecraft:oak_planks":119,"minecraft:cobblestone_slab":1,"minecraft:glow_berries":10,"minecraft:mossy_cobblestone":1,"minecraft:oak_slab":31,"minecraft:crafting_table":1,"minecraft:mushroom_stew":2,"minecraft:blast_furnace":1,"minecraft:crossbow":5,"minecraft:dripstone_block":2,"minecraft:smoker":1,"minecraft:polished_tuff":3,"minecraft:oak_log":8,"minecraft:diamond_pickaxe":21,"minecraft:apple":5,"minecraft:dark_oak_log":6,"minecraft:bread":10,"minecraft:iron_pickaxe":601,"minecraft:gravel":9,"minecraft:stone_axe":74,"minecraft:fishing_rod":32,"minecraft:cobblestone":66,"minecraft:cooked_porkchop":12,"minecraft:bucket":14,"minecraft:dandelion":1},"minecraft:crafted":{"minecraft:cherry_planks":8,"minecraft:oak_door":3,"minecraft:oak_planks":204,"minecraft:cobblestone_slab":6,"minecraft:fishing_rod":2,"minecraft:flint_and_steel":1,"minecraft:iron_boots":1,"minecraft:iron_axe":1,"minecraft:ladder":3,"minecraft:stone_pickaxe":1,"minecraft:chest":1,"minecraft:diamond_boots":2,"minecraft:dark_oak_planks":48,"minecraft:oak_fence":15,"minecraft:golden_boots":2,"minecraft:oak_slab":36,"minecraft:cooked_porkchop":3,"minecraft:crafting_table":1,"minecraft:wooden_pickaxe":1,"minecraft:iron_helmet":2,"minecraft:bucket":1,"minecraft:birch_planks":20,"minecraft:stone_axe":1,"minecraft:air":0,"minecraft:iron_chestplate":1,"minecraft:diamond_pickaxe":2,"minecraft:stick":140,"minecraft:iron_ingot":188,"minecraft:iron_pickaxe":3,"minecraft:wooden_axe":1,"minecraft:iron_leggings":1,"minecraft:gold_ingot":16,"minecraft:torch":308,"minecraft:diamond_chestplate":2},"minecraft:mined":{"minecraft:dark_oak_planks":1,"minecraft:tuff":4,"minecraft:farmland":1,"minecraft:deepslate_diamond_ore":24,"minecraft:cherry_log":3,"minecraft:obsidian":2,"minecraft:granite":11,"minecraft:grass_block":7,"minecraft:tuff_bricks":6,"minecraft:waxed_copper_grate":3,"minecraft:iron_ore":138,"minecraft:cobbled_deepslate":3,"minecraft:polished_tuff":13,"minecraft:andesite":6,"minecraft:deepslate_lapis_ore":23,"minecraft:sculk_shrieker":1,"minecraft:deepslate_iron_ore":52,"minecraft:cave_vines":1,"minecraft:oak_sign":1,"minecraft:waxed_weathered_copper_bulb":1,"minecraft:stone":61,"minecraft:smoker":1,"minecraft:dandelion":1,"minecraft:crafting_table":2,"minecraft:torch":2,"minecraft:short_grass":116,"minecraft:blast_furnace":1,"minecraft:cobblestone":5,"minecraft:tall_grass":41,"minecraft:deepslate_gold_ore":33,"minecraft:lapis_ore":1,"minecraft:oak_planks":12,"minecraft:sculk":2,"minecraft:diorite":6,"minecraft:wall_torch":4,"minecraft:deepslate_copper_ore":2,"minecraft:birch_log":5,"minecraft:lilac":1,"minecraft:birch_leaves":2,"minecraft:waxed_copper_block":1,"minecraft:oak_log":46,"minecraft:coal_ore":149,"minecraft:gravel":9,"minecraft:dripstone_block":2,"minecraft:dirt":2,"minecraft:cobweb":4,"minecraft:gold_ore":7,"minecraft:oak_leaves":3,"minecraft:deepslate":181},"minecraft:killed":{"minecraft:cave_spider":1,"minecraft:spider":4,"minecraft:skeleton":10,"minecraft:salmon":8,"minecraft:creeper":4,"minecraft:zombie":21,"minecraft:enderman":1}},"DataVersion":3953}