{"stats":{"minecraft:custom":{"minecraft:mob_kills":2,"minecraft:interact_with_crafting_table":13,"minecraft:leave_game":4,"minecraft:time_since_death":54895,"minecraft:sleep_in_bed":1,"minecraft:climb_one_cm":1267,"minecraft:time_since_rest":45025,"minecraft:sprint_one_cm":36503,"minecraft:walk_one_cm":242681,"minecraft:damage_taken":328,"minecraft:drop":24,"minecraft:damage_dealt":531,"minecraft:swim_one_cm":540,"minecraft:fly_one_cm":36637,"minecraft:open_chest":13,"minecraft:crouch_one_cm":12396,"minecraft:play_time":54895,"minecraft:sneak_time":2965,"minecraft:walk_under_water_one_cm":13812,"minecraft:jump":568,"minecraft:interact_with_blast_furnace":12,"minecraft:walk_on_water_one_cm":9741,"minecraft:interact_with_smoker":4,"minecraft:total_world_time":54895,"minecraft:fall_one_cm":8505},"minecraft:picked_up":{"minecraft:birch_log":5,"minecraft:lilac":1,"minecraft:smoker":1,"minecraft:oak_log":40,"minecraft:lapis_lazuli":61,"minecraft:dirt":5,"minecraft:raw_copper":5,"minecraft:bone":1,"minecraft:apple":5,"minecraft:bow":1,"minecraft:wheat_seeds":3,"minecraft:cobbled_deepslate":18,"minecraft:raw_gold":16,"minecraft:oak_planks":4,"minecraft:raw_iron":67,"minecraft:torch":2,"minecraft:dripstone_block":2,"minecraft:cherry_log":2,"minecraft:blast_furnace":1,"minecraft:pointed_dripstone":1,"minecraft:arrow":2,"minecraft:diamond":8,"minecraft:bread":21,"minecraft:oak_sapling":1,"minecraft:coal":41,"minecraft:cobblestone":44},"minecraft:used":{"minecraft:wheat_seeds":1,"minecraft:oak_fence":15,"minecraft:stone_pickaxe":132,"minecraft:oak_planks":32,"minecraft:chest":1,"minecraft:cobblestone_slab":1,"minecraft:oak_door":1,"minecraft:torch":102,"minecraft:crafting_table":1,"minecraft:blast_furnace":1,"minecraft:dripstone_block":2,"minecraft:smoker":1,"minecraft:apple":5,"minecraft:iron_axe":2,"minecraft:bread":4,"minecraft:iron_pickaxe":43,"minecraft:stone_axe":51,"minecraft:cobblestone":31,"minecraft:oak_sapling":1,"minecraft:cobbled_deepslate":7},"minecraft:broken":{"minecraft:stone_pickaxe":1},"minecraft:mined":{"minecraft:deepslate_diamond_ore":8,"minecraft:smoker":1,"minecraft:cherry_log":3,"minecraft:crafting_table":2,"minecraft:torch":1,"minecraft:blast_furnace":1,"minecraft:grass_block":4,"minecraft:tall_grass":1,"minecraft:cobblestone":2,"minecraft:deepslate_gold_ore":10,"minecraft:oak_planks":4,"minecraft:sculk":2,"minecraft:wall_torch":1,"minecraft:deepslate_copper_ore":1,"minecraft:birch_log":5,"minecraft:iron_ore":54,"minecraft:lilac":1,"minecraft:birch_leaves":2,"minecraft:deepslate_lapis_ore":10,"minecraft:oak_log":28,"minecraft:coal_ore":34,"minecraft:deepslate_iron_ore":12,"minecraft:oak_sign":1,"minecraft:dripstone_block":2,"minecraft:dirt":1,"minecraft:stone":16,"minecraft:gold_ore":6,"minecraft:oak_leaves":2,"minecraft:deepslate":15},"minecraft:dropped":{"minecraft:iron_ingot":4,"minecraft:bread":11,"minecraft:wheat_seeds":2,"minecraft:lilac":1,"minecraft:cobbled_deepslate":1,"minecraft:pointed_dripstone":1,"minecraft:coal":4,"minecraft:dirt":5,"minecraft:cobblestone_slab":5},"minecraft:killed":{"minecraft:skeleton":1,"minecraft:zombie":1},"minecraft:crafted":{"minecraft:cherry_planks":8,"minecraft:oak_door":3,"minecraft:oak_planks":132,"minecraft:cobblestone_slab":6,"minecraft:crafting_table":1,"minecraft:iron_helmet":1,"minecraft:wooden_pickaxe":1,"minecraft:stone_axe":1,"minecraft:air":0,"minecraft:iron_boots":1,"minecraft:iron_chestplate":1,"minecraft:iron_axe":1,"minecraft:stick":80,"minecraft:iron_ingot":80,"minecraft:iron_pickaxe":1,"minecraft:stone_pickaxe":1,"minecraft:wooden_axe":1,"minecraft:chest":1,"minecraft:gold_ingot":16,"minecraft:iron_leggings":1,"minecraft:torch":100,"minecraft:oak_fence":15}},"DataVersion":3953}