{"stats":{"minecraft:killed":{"minecraft:vex":1,"minecraft:cave_spider":1,"minecraft:vindicator":1,"minecraft:spider":4,"minecraft:skeleton":10,"minecraft:salmon":8,"minecraft:creeper":4,"minecraft:pillager":4,"minecraft:zombie":27,"minecraft:cow":1,"minecraft:enderman":2},"minecraft:broken":{"minecraft:golden_shovel":1,"minecraft:stone_pickaxe":1,"minecraft:iron_pickaxe":2},"minecraft:dropped":{"minecraft:enchanted_book":4,"minecraft:iron_ingot":5,"minecraft:golden_boots":1,"minecraft:bread":11,"minecraft:oak_log":110,"minecraft:wheat_seeds":20,"minecraft:ominous_bottle":1,"minecraft:lapis_lazuli":34,"minecraft:lilac":1,"minecraft:glow_ink_sac":3,"minecraft:mossy_cobblestone":1,"minecraft:diamond":21,"minecraft:crossbow":1,"minecraft:lead":1,"minecraft:cobblestone":11,"minecraft:waxed_copper_grate":1,"minecraft:polished_tuff":2,"minecraft:granite":12,"minecraft:saddle":1,"minecraft:coal":39,"minecraft:golden_apple":2,"minecraft:stick":4,"minecraft:dirt":88,"minecraft:dark_oak_log":26,"minecraft:diorite":2,"minecraft:torch":1,"minecraft:birch_log":22,"minecraft:fishing_rod":1,"minecraft:bucket":1,"minecraft:dandelion":2,"minecraft:bone":8,"minecraft:tuff_bricks":6,"minecraft:soul_torch":10,"minecraft:cobbled_deepslate":2,"minecraft:raw_copper":5,"minecraft:bowl":1,"minecraft:tuff":2,"minecraft:wheat":16,"minecraft:pointed_dripstone":1,"minecraft:raw_iron":125,"minecraft:rotten_flesh":2,"minecraft:waxed_copper_block":2,"minecraft:wind_charge":4,"minecraft:cobblestone_slab":5,"minecraft:gunpowder":1,"minecraft:diamond_chestplate":1,"minecraft:diamond_pickaxe":1,"minecraft:andesite":5,"minecraft:diamond_boots":1,"minecraft:bow":2,"minecraft:raw_gold":22},"minecraft:crafted":{"minecraft:cherry_planks":8,"minecraft:oak_door":3,"minecraft:oak_planks":276,"minecraft:cobblestone_slab":6,"minecraft:fishing_rod":2,"minecraft:flint_and_steel":1,"minecraft:iron_boots":1,"minecraft:iron_axe":1,"minecraft:ladder":3,"minecraft:stone_pickaxe":1,"minecraft:chest":1,"minecraft:diamond_boots":2,"minecraft:dark_oak_planks":168,"minecraft:oak_fence":15,"minecraft:golden_boots":2,"minecraft:oak_slab":132,"minecraft:dark_oak_stairs":4,"minecraft:cooked_porkchop":3,"minecraft:crafting_table":1,"minecraft:enchanting_table":1,"minecraft:wooden_pickaxe":1,"minecraft:iron_helmet":2,"minecraft:bucket":1,"minecraft:birch_planks":20,"minecraft:stone_axe":1,"minecraft:air":0,"minecraft:iron_chestplate":1,"minecraft:diamond_pickaxe":2,"minecraft:stick":140,"minecraft:iron_ingot":208,"minecraft:iron_pickaxe":3,"minecraft:wooden_axe":1,"minecraft:iron_block":3,"minecraft:iron_leggings":1,"minecraft:gold_ingot":16,"minecraft:anvil":1,"minecraft:torch":308,"minecraft:diamond_chestplate":2},"minecraft:killed_by":{"minecraft:vindicator":2},"minecraft:picked_up":{"minecraft:iron_chestplate":1,"minecraft:wheat":30,"minecraft:ominous_bottle":2,"minecraft:oak_stairs":2,"minecraft:nether_brick":6,"minecraft:wind_charge":4,"minecraft:string":5,"minecraft:raw_copper":10,"minecraft:iron_axe":1,"minecraft:pufferfish":4,"minecraft:blackstone":14,"minecraft:cobbled_deepslate":131,"minecraft:trial_key":2,"minecraft:poppy":1,"minecraft:sugar_cane":35,"minecraft:egg":1,"minecraft:raw_iron":196,"minecraft:oak_door":6,"minecraft:oak_fence":1,"minecraft:torch":13,"minecraft:bowl":1,"minecraft:pointed_dripstone":1,"minecraft:waxed_copper_grate":3,"minecraft:cherry_log":2,"minecraft:waxed_weathered_copper_bulb":1,"minecraft:diorite":2,"minecraft:dark_oak_planks":5,"minecraft:arrow":47,"minecraft:rotten_flesh":15,"minecraft:pink_tulip":1,"minecraft:saddle":2,"minecraft:tuff_bricks":6,"minecraft:obsidian":6,"minecraft:cod":6,"minecraft:cobblestone":90,"minecraft:birch_log":27,"minecraft:cooked_beef":16,"minecraft:lilac":1,"minecraft:glow_ink_sac":3,"minecraft:salmon":10,"minecraft:andesite":6,"minecraft:leather":6,"minecraft:smoker":1,"minecraft:flint":1,"minecraft:tuff":4,"minecraft:oak_log":187,"minecraft:waxed_copper_block":2,"minecraft:gunpowder":3,"minecraft:lapis_lazuli":127,"minecraft:dirt":98,"minecraft:white_banner":1,"minecraft:leather_boots":1,"minecraft:bone":15,"minecraft:apple":5,"minecraft:bow":3,"minecraft:wheat_seeds":22,"minecraft:raw_gold":43,"minecraft:iron_ingot":5,"minecraft:dark_oak_stairs":1,"minecraft:iron_sword":1,"minecraft:oak_planks":20,"minecraft:ghast_tear":1,"minecraft:oak_slab":14,"minecraft:milk_bucket":1,"minecraft:quartz":9,"minecraft:dandelion":3,"minecraft:dripstone_block":2,"minecraft:gravel":8,"minecraft:blast_furnace":1,"minecraft:grass_block":1,"minecraft:dark_oak_log":56,"minecraft:polished_tuff":5,"minecraft:mossy_cobblestone":2,"minecraft:diamond":28,"minecraft:granite":12,"minecraft:crossbow":2,"minecraft:emerald":1,"minecraft:bread":21,"minecraft:oak_sapling":6,"minecraft:netherrack":16,"minecraft:coal":166,"minecraft:ender_pearl":2},"minecraft:used":{"minecraft:oak_fence":15,"minecraft:enchanting_table":1,"minecraft:flint_and_steel":1,"minecraft:ladder":3,"minecraft:chest":1,"minecraft:iron_sword":111,"minecraft:cooked_chicken":1,"minecraft:cooked_salmon":10,"minecraft:trial_key":2,"minecraft:oak_door":12,"minecraft:torch":394,"minecraft:dirt":95,"minecraft:anvil":1,"minecraft:waxed_copper_grate":2,"minecraft:golden_shovel":32,"minecraft:milk_bucket":1,"minecraft:obsidian":16,"minecraft:iron_hoe":25,"minecraft:dark_oak_planks":173,"minecraft:grass_block":1,"minecraft:oak_stairs":2,"minecraft:iron_axe":291,"minecraft:ominous_bottle":2,"minecraft:oak_sapling":2,"minecraft:egg":1,"minecraft:cooked_beef":8,"minecraft:cobbled_deepslate":104,"minecraft:wheat_seeds":46,"minecraft:cooked_mutton":10,"minecraft:dark_oak_stairs":5,"minecraft:water_bucket":13,"minecraft:waxed_weathered_copper_bulb":1,"minecraft:birch_planks":11,"minecraft:stone_pickaxe":132,"minecraft:oak_planks":150,"minecraft:cobblestone_slab":1,"minecraft:glow_berries":10,"minecraft:mossy_cobblestone":1,"minecraft:oak_slab":141,"minecraft:crafting_table":1,"minecraft:mushroom_stew":3,"minecraft:blast_furnace":1,"minecraft:crossbow":56,"minecraft:dripstone_block":2,"minecraft:smoker":1,"minecraft:oak_log":8,"minecraft:polished_tuff":3,"minecraft:diamond_pickaxe":26,"minecraft:apple":5,"minecraft:dark_oak_log":6,"minecraft:bread":10,"minecraft:iron_pickaxe":602,"minecraft:gravel":9,"minecraft:stone_axe":74,"minecraft:fishing_rod":32,"minecraft:cobblestone":66,"minecraft:cooked_porkchop":14,"minecraft:bucket":14,"minecraft:dandelion":1},"minecraft:custom":{"minecraft:interact_with_anvil":2,"minecraft:mob_kills":66,"minecraft:animals_bred":4,"minecraft:interact_with_crafting_table":38,"minecraft:bell_ring":1,"minecraft:leave_game":8,"minecraft:time_since_death":21220,"minecraft:climb_one_cm":16287,"minecraft:sprint_one_cm":582258,"minecraft:walk_one_cm":1207649,"minecraft:drop":103,"minecraft:talked_to_villager":6,"minecraft:raid_win":1,"minecraft:deaths":2,"minecraft:play_time":334282,"minecraft:sneak_time":18852,"minecraft:walk_under_water_one_cm":40275,"minecraft:jump":4300,"minecraft:interact_with_blast_furnace":34,"minecraft:walk_on_water_one_cm":64383,"minecraft:total_world_time":334282,"minecraft:interact_with_furnace":2,"minecraft:raid_trigger":1,"minecraft:sleep_in_bed":12,"minecraft:time_since_rest":7510,"minecraft:damage_taken":4853,"minecraft:damage_dealt":10257,"minecraft:swim_one_cm":45573,"minecraft:fly_one_cm":1039176,"minecraft:open_chest":178,"minecraft:crouch_one_cm":53173,"minecraft:interact_with_smoker":14,"minecraft:fish_caught":11,"minecraft:fall_one_cm":108796},"minecraft:mined":{"minecraft:dark_oak_planks":6,"minecraft:tuff":4,"minecraft:mossy_cobblestone":1,"minecraft:oak_door":2,"minecraft:farmland":1,"minecraft:deepslate_diamond_ore":24,"minecraft:cherry_log":3,"minecraft:obsidian":7,"minecraft:granite":11,"minecraft:grass_block":35,"minecraft:tuff_bricks":6,"minecraft:waxed_copper_grate":3,"minecraft:iron_ore":138,"minecraft:cobbled_deepslate":3,"minecraft:polished_tuff":13,"minecraft:andesite":6,"minecraft:deepslate_lapis_ore":23,"minecraft:dark_oak_stairs":1,"minecraft:sculk_shrieker":1,"minecraft:dirt_path":1,"minecraft:oak_sign":1,"minecraft:cave_vines":1,"minecraft:deepslate_iron_ore":52,"minecraft:pink_tulip":1,"minecraft:waxed_weathered_copper_bulb":1,"minecraft:stone":61,"minecraft:oak_slab":12,"minecraft:smoker":1,"minecraft:dandelion":1,"minecraft:crafting_table":2,"minecraft:torch":2,"minecraft:short_grass":118,"minecraft:blast_furnace":1,"minecraft:tall_grass":41,"minecraft:cobblestone":5,"minecraft:deepslate_gold_ore":33,"minecraft:lapis_ore":1,"minecraft:sugar_cane":34,"minecraft:oak_planks":19,"minecraft:sculk":2,"minecraft:diorite":6,"minecraft:wall_torch":5,"minecraft:deepslate_copper_ore":2,"minecraft:birch_log":28,"minecraft:lilac":1,"minecraft:birch_leaves":2,"minecraft:waxed_copper_block":1,"minecraft:coal_ore":149,"minecraft:oak_log":158,"minecraft:cherry_leaves":12,"minecraft:gravel":9,"minecraft:dripstone_block":2,"minecraft:dirt":28,"minecraft:cobweb":4,"minecraft:gold_ore":7,"minecraft:oak_leaves":14,"minecraft:deepslate":181}},"DataVersion":3953}