{"stats":{"minecraft:custom":{"minecraft:interact_with_furnace":11,"minecraft:mob_kills":2,"minecraft:interact_with_crafting_table":26,"minecraft:bell_ring":42,"minecraft:leave_game":3,"minecraft:time_since_death":82408,"minecraft:sleep_in_bed":2,"minecraft:climb_one_cm":3612,"minecraft:time_since_rest":57959,"minecraft:sprint_one_cm":126635,"minecraft:damage_taken":242,"minecraft:walk_one_cm":141091,"minecraft:drop":78,"minecraft:damage_dealt":348,"minecraft:swim_one_cm":2325,"minecraft:talked_to_villager":2,"minecraft:fly_one_cm":143705,"minecraft:open_chest":11,"minecraft:crouch_one_cm":8163,"minecraft:play_time":92896,"minecraft:deaths":2,"minecraft:walk_under_water_one_cm":1128,"minecraft:sneak_time":1902,"minecraft:jump":848,"minecraft:interact_with_blast_furnace":2,"minecraft:walk_on_water_one_cm":6872,"minecraft:interact_with_smoker":1,"minecraft:total_world_time":92896,"minecraft:fall_one_cm":22351},"minecraft:picked_up":{"minecraft:wooden_axe":1,"minecraft:crafting_table":10,"minecraft:wheat":6,"minecraft:lilac":1,"minecraft:ladder":3,"minecraft:wooden_pickaxe":1,"minecraft:potato":4,"minecraft:oak_stairs":1,"minecraft:oak_log":56,"minecraft:brewing_stand":2,"minecraft:yellow_bed":3,"minecraft:oak_trapdoor":8,"minecraft:cobblestone_stairs":3,"minecraft:cornflower":1,"minecraft:dirt":65,"minecraft:oak_sign":1,"minecraft:apple":5,"minecraft:wheat_seeds":55,"minecraft:iron_ingot":4,"minecraft:oak_fence_gate":3,"minecraft:cobblestone_slab":6,"minecraft:poppy":2,"minecraft:chest":2,"minecraft:oak_planks":42,"minecraft:furnace":3,"minecraft:oak_slab":9,"minecraft:raw_iron":18,"minecraft:oak_door":13,"minecraft:oak_fence":18,"minecraft:torch":10,"minecraft:dandelion":4,"minecraft:pointed_dripstone":1,"minecraft:white_bed":10,"minecraft:mossy_cobblestone":4,"minecraft:hay_block":22,"minecraft:bread":12,"minecraft:oak_sapling":5,"minecraft:coal":26,"minecraft:cobblestone":125,"minecraft:oxeye_daisy":2},"minecraft:used":{"minecraft:oak_fence":15,"minecraft:wheat_seeds":26,"minecraft:stone_shovel":42,"minecraft:stone_pickaxe":175,"minecraft:poppy":1,"minecraft:ladder":6,"minecraft:oak_planks":85,"minecraft:oak_sign":1,"minecraft:chest":2,"minecraft:wooden_pickaxe":3,"minecraft:stone":1,"minecraft:stone_hoe":65,"minecraft:oak_door":2,"minecraft:torch":12,"minecraft:dirt":64,"minecraft:oak_slab":105,"minecraft:crafting_table":11,"minecraft:blast_furnace":1,"minecraft:white_bed":10,"minecraft:smoker":1,"minecraft:oak_fence_gate":1,"minecraft:oak_log":2,"minecraft:grass_block":2,"minecraft:bread":6,"minecraft:lilac":1,"minecraft:stone_axe":146,"minecraft:cobblestone":58,"minecraft:furnace":3,"minecraft:oak_sapling":4,"minecraft:yellow_bed":3},"minecraft:broken":{"minecraft:stone_pickaxe":1,"minecraft:stone_axe":1},"minecraft:mined":{"minecraft:oak_slab":8,"minecraft:white_bed":10,"minecraft:farmland":1,"minecraft:glass_pane":3,"minecraft:mossy_cobblestone":4,"minecraft:oak_door":12,"minecraft:cobblestone_stairs":3,"minecraft:dandelion":2,"minecraft:brewing_stand":2,"minecraft:oak_fence":18,"minecraft:crafting_table":8,"minecraft:cornflower":1,"minecraft:ladder":1,"minecraft:short_grass":84,"minecraft:grass_block":36,"minecraft:poppy":1,"minecraft:chest":2,"minecraft:cobblestone":71,"minecraft:oak_planks":19,"minecraft:oxeye_daisy":1,"minecraft:wall_torch":4,"minecraft:hay_block":22,"minecraft:oak_trapdoor":8,"minecraft:furnace":3,"minecraft:iron_ore":18,"minecraft:wheat":33,"minecraft:yellow_bed":3,"minecraft:coal_ore":14,"minecraft:oak_log":52,"minecraft:cobblestone_slab":1,"minecraft:dirt_path":17,"minecraft:oak_fence_gate":3,"minecraft:oak_stairs":1,"minecraft:dirt":10,"minecraft:stone":53,"minecraft:oak_leaves":24,"minecraft:fern":6},"minecraft:dropped":{"minecraft:bread":21,"minecraft:wheat_seeds":1,"minecraft:oak_log":9,"minecraft:wheat":72,"minecraft:cobblestone":29,"minecraft:oak_planks":23,"minecraft:apple":5},"minecraft:killed":{"minecraft:skeleton":2},"minecraft:crafted":{"minecraft:smooth_stone":3,"minecraft:oak_planks":148,"minecraft:oak_slab":96,"minecraft:oak_sign":3,"minecraft:stone_shovel":1,"minecraft:crafting_table":2,"minecraft:wooden_pickaxe":1,"minecraft:furnace":2,"minecraft:blast_furnace":1,"minecraft:stone":4,"minecraft:stone_axe":2,"minecraft:air":0,"minecraft:bread":21,"minecraft:ladder":3,"minecraft:stick":28,"minecraft:iron_ingot":5,"minecraft:stone_pickaxe":2,"minecraft:torch":8,"minecraft:stone_hoe":1,"minecraft:smoker":1,"minecraft:wheat":198}},"DataVersion":3953}