{"stats":{"minecraft:mined":{"minecraft:spruce_leaves":2,"minecraft:grass_block":1,"minecraft:spruce_log":1},"minecraft:picked_up":{"minecraft:spruce_log":1,"minecraft:dirt":1},"minecraft:custom":{"minecraft:jump":42,"minecraft:time_since_rest":933,"minecraft:leave_game":1,"minecraft:sprint_one_cm":4801,"minecraft:play_time":933,"minecraft:time_since_death":933,"minecraft:walk_one_cm":719,"minecraft:total_world_time":933,"minecraft:fall_one_cm":1581,"minecraft:fly_one_cm":11534}},"DataVersion":3953}