{"stats":{"minecraft:used":{"minecraft:iron_shovel":408,"minecraft:poppy":1,"minecraft:ladder":10,"minecraft:oak_sign":1,"minecraft:chest":19,"minecraft:stone":1,"minecraft:grass_block":4,"minecraft:oak_sapling":6,"minecraft:furnace":5,"minecraft:dark_oak_sapling":1,"minecraft:golden_boots":1,"minecraft:diorite":1,"minecraft:diamond_boots":1,"minecraft:stone_pickaxe":268,"minecraft:oak_planks":154,"minecraft:blackstone":3,"minecraft:wooden_pickaxe":3,"minecraft:sugar_cane":18,"minecraft:white_wool":1,"minecraft:dark_oak_trapdoor":9,"minecraft:mushroom_stew":14,"minecraft:blast_furnace":7,"minecraft:waxed_chiseled_copper":1,"minecraft:dark_oak_log":4,"minecraft:bread":25,"minecraft:lectern":302,"minecraft:gravel":83,"minecraft:lilac":1,"minecraft:evoker_spawn_egg":1,"minecraft:birch_log":1,"minecraft:oak_boat":1,"minecraft:bone_meal":9,"minecraft:oak_fence":16,"minecraft:stone_shovel":132,"minecraft:stone_hoe":134,"minecraft:netherrack":30,"minecraft:oak_door":2,"minecraft:torch":74,"minecraft:dirt":485,"minecraft:granite":10,"minecraft:oak_fence_gate":1,"minecraft:iron_hoe":425,"minecraft:dark_oak_planks":280,"minecraft:iron_axe":1398,"minecraft:diamond_chestplate":2,"minecraft:dark_oak_pressure_plate":11,"minecraft:cooked_beef":18,"minecraft:cobbled_deepslate":2,"minecraft:wheat_seeds":719,"minecraft:cooked_mutton":3,"minecraft:water_bucket":26,"minecraft:chiseled_bookshelf":1,"minecraft:cobblestone_stairs":1,"minecraft:cauldron":1,"minecraft:fletching_table":3,"minecraft:cobblestone_slab":2,"minecraft:mossy_cobblestone":1,"minecraft:oak_slab":352,"minecraft:crafting_table":22,"minecraft:white_bed":25,"minecraft:smoker":8,"minecraft:book":4,"minecraft:oak_log":13,"minecraft:piston":13,"minecraft:diamond_pickaxe":21,"minecraft:cracked_polished_blackstone_bricks":1,"minecraft:iron_pickaxe":578,"minecraft:copper_grate":1,"minecraft:stone_axe":370,"minecraft:fishing_rod":2,"minecraft:cobblestone":173,"minecraft:white_banner":1,"minecraft:cooked_porkchop":11,"minecraft:bucket":26,"minecraft:yellow_bed":7},"minecraft:killed_by":{"minecraft:ravager":1,"minecraft:vindicator":4},"minecraft:crafted":{"minecraft:smooth_stone":9,"minecraft:oak_planks":732,"minecraft:oak_sign":3,"minecraft:dark_oak_pressure_plate":4,"minecraft:cooked_chicken":9,"minecraft:stone":10,"minecraft:bookshelf":2,"minecraft:cooked_mutton":20,"minecraft:chest":10,"minecraft:stone_hoe":1,"minecraft:smoker":2,"minecraft:oak_slab":264,"minecraft:emerald":65,"minecraft:cauldron":1,"minecraft:cooked_porkchop":22,"minecraft:crafting_table":7,"minecraft:wooden_pickaxe":1,"minecraft:iron_helmet":1,"minecraft:fletching_table":3,"minecraft:birch_planks":88,"minecraft:lectern":2,"minecraft:iron_chestplate":1,"minecraft:book":14,"minecraft:paper":45,"minecraft:stick":1260,"minecraft:iron_ingot":56,"minecraft:iron_pickaxe":3,"minecraft:shears":1,"minecraft:stone_shovel":1,"minecraft:furnace":5,"minecraft:blast_furnace":3,"minecraft:piston":5,"minecraft:dark_oak_trapdoor":2,"minecraft:mushroom_stew":64,"minecraft:bone_meal":18,"minecraft:iron_axe":7,"minecraft:ladder":6,"minecraft:iron_hoe":3,"minecraft:stone_pickaxe":2,"minecraft:chiseled_bookshelf":1,"minecraft:dark_oak_planks":436,"minecraft:wheat":198,"minecraft:cooked_beef":51,"minecraft:cooked_cod":6,"minecraft:iron_sword":1,"minecraft:bowl":64,"minecraft:cooked_salmon":10,"minecraft:bucket":2,"minecraft:dark_oak_button":1,"minecraft:stone_axe":3,"minecraft:enchanted_book":2,"minecraft:air":0,"minecraft:bread":34,"minecraft:oak_boat":1,"minecraft:iron_shovel":2,"minecraft:iron_leggings":1,"minecraft:white_bed":6,"minecraft:torch":60},"minecraft:mined":{"minecraft:dark_oak_planks":174,"minecraft:white_bed":19,"minecraft:oak_sapling":1,"minecraft:farmland":1,"minecraft:cobblestone_stairs":7,"minecraft:brewing_stand":2,"minecraft:obsidian":14,"minecraft:grass_block":288,"minecraft:cracked_polished_blackstone_bricks":9,"minecraft:oxeye_daisy":5,"minecraft:polished_blackstone_bricks":12,"minecraft:dark_oak_trapdoor":7,"minecraft:cobbled_deepslate":1,"minecraft:iron_ore":67,"minecraft:fire":24,"minecraft:azure_bluet":2,"minecraft:dirt_path":36,"minecraft:water_cauldron":1,"minecraft:oak_stairs":54,"minecraft:piston_head":5,"minecraft:blackstone":3,"minecraft:smoker":5,"minecraft:torch":9,"minecraft:blast_furnace":4,"minecraft:poppy":5,"minecraft:chest":8,"minecraft:mushroom_stem":45,"minecraft:cobblestone":145,"minecraft:oak_planks":79,"minecraft:sugar_cane":41,"minecraft:waxed_chiseled_copper":1,"minecraft:wall_torch":14,"minecraft:pink_petals":4,"minecraft:waxed_copper_bulb":1,"minecraft:birch_log":1,"minecraft:wheat":450,"minecraft:waxed_copper_block":1,"minecraft:oak_log":100,"minecraft:oak_fence_gate":3,"minecraft:dirt":212,"minecraft:red_mushroom_block":217,"minecraft:netherrack":13,"minecraft:piston":8,"minecraft:oak_leaves":44,"minecraft:deepslate":4,"minecraft:mossy_cobblestone":8,"minecraft:dark_oak_leaves":10,"minecraft:oak_door":12,"minecraft:dark_oak_log":139,"minecraft:dark_oak_pressure_plate":7,"minecraft:ladder":2,"minecraft:chiseled_bookshelf":1,"minecraft:decorated_pot":3,"minecraft:brown_mushroom_block":203,"minecraft:hay_block":22,"minecraft:redstone_ore":8,"minecraft:oak_trapdoor":8,"minecraft:furnace":5,"minecraft:andesite":21,"minecraft:cobblestone_slab":1,"minecraft:deepslate_iron_ore":11,"minecraft:trial_spawner":1,"minecraft:stone":428,"minecraft:oak_slab":78,"minecraft:glass_pane":6,"minecraft:stripped_dark_oak_log":1,"minecraft:dandelion":17,"minecraft:copper_grate":1,"minecraft:oak_fence":18,"minecraft:crafting_table":14,"minecraft:cornflower":4,"minecraft:short_grass":535,"minecraft:lectern":300,"minecraft:tall_grass":29,"minecraft:copper_ore":7,"minecraft:lapis_ore":5,"minecraft:diorite":1,"minecraft:yellow_bed":7,"minecraft:coal_ore":50,"minecraft:gravel":88,"minecraft:fern":6},"minecraft:custom":{"minecraft:animals_bred":6,"minecraft:interact_with_crafting_table":122,"minecraft:bell_ring":120,"minecraft:leave_game":17,"minecraft:time_since_death":67058,"minecraft:sprint_one_cm":1030810,"minecraft:drop":417,"minecraft:talked_to_villager":401,"minecraft:play_time":455269,"minecraft:deaths":7,"minecraft:jump":6111,"minecraft:walk_on_water_one_cm":32041,"minecraft:interact_with_furnace":20,"minecraft:traded_with_villager":68,"minecraft:sleep_in_bed":18,"minecraft:damage_dealt":18153,"minecraft:crouch_one_cm":50755,"minecraft:interact_with_smoker":51,"minecraft:mob_kills":130,"minecraft:interact_with_anvil":3,"minecraft:fill_cauldron":1,"minecraft:climb_one_cm":16652,"minecraft:walk_one_cm":1053116,"minecraft:raid_win":1,"minecraft:sneak_time":17341,"minecraft:walk_under_water_one_cm":8709,"minecraft:boat_one_cm":10373,"minecraft:interact_with_blast_furnace":18,"minecraft:total_world_time":455269,"minecraft:time_since_rest":10771,"minecraft:damage_taken":5040,"minecraft:swim_one_cm":23360,"minecraft:fly_one_cm":1429283,"minecraft:open_chest":308,"minecraft:fall_one_cm":151817},"minecraft:broken":{"minecraft:iron_shovel":1,"minecraft:stone_pickaxe":2,"minecraft:stone_axe":3,"minecraft:fishing_rod":1,"minecraft:stone_shovel":1,"minecraft:stone_hoe":1,"minecraft:iron_axe":6,"minecraft:iron_pickaxe":2},"minecraft:killed":{"minecraft:witch":1,"minecraft:spider":7,"minecraft:skeleton":8,"minecraft:chicken":9,"minecraft:pig":11,"minecraft:creeper":3,"minecraft:sheep":18,"minecraft:trader_llama":1,"minecraft:pillager":12,"minecraft:zombie":19,"minecraft:ghast":1,"minecraft:cow":31,"minecraft:evoker":1,"minecraft:vex":2,"minecraft:vindicator":2,"minecraft:wandering_trader":1,"minecraft:ravager":2},"minecraft:picked_up":{"minecraft:wooden_axe":1,"minecraft:wheat":499,"minecraft:lead":2,"minecraft:oak_stairs":106,"minecraft:enchanted_book":4,"minecraft:potion":1,"minecraft:brewing_stand":2,"minecraft:dark_oak_pressure_plate":7,"minecraft:string":2,"minecraft:dark_oak_trapdoor":7,"minecraft:raw_copper":47,"minecraft:oak_sign":10,"minecraft:cobbled_deepslate":35,"minecraft:bucket":1,"minecraft:cobblestone_slab":14,"minecraft:iron_pickaxe":1,"minecraft:furnace":5,"minecraft:stick":8,"minecraft:oak_fence":19,"minecraft:torch":35,"minecraft:porkchop":25,"minecraft:pointed_dripstone":4,"minecraft:diorite":2,"minecraft:cauldron":1,"minecraft:rotten_flesh":36,"minecraft:obsidian":28,"minecraft:cobblestone":888,"minecraft:birch_log":23,"minecraft:pink_petals":16,"minecraft:feather":14,"minecraft:lilac":1,"minecraft:andesite":63,"minecraft:smoker":6,"minecraft:potato":4,"minecraft:flint":6,"minecraft:dirt":689,"minecraft:lapis_lazuli":251,"minecraft:bone":13,"minecraft:bow":2,"minecraft:wheat_seeds":1571,"minecraft:raw_gold":33,"minecraft:stone_hoe":2,"minecraft:oak_planks":113,"minecraft:ghast_tear":1,"minecraft:cooked_porkchop":1,"minecraft:waxed_chiseled_copper":1,"minecraft:dark_oak_log":282,"minecraft:mossy_cobblestone":31,"minecraft:iron_hoe":2,"minecraft:diamond":28,"minecraft:cracked_polished_blackstone_bricks":9,"minecraft:crossbow":1,"minecraft:granite":12,"minecraft:golden_apple":3,"minecraft:emerald":2,"minecraft:bread":12,"minecraft:oak_sapling":15,"minecraft:netherrack":30,"minecraft:diamond_pickaxe":1,"minecraft:fishing_rod":1,"minecraft:crafting_table":19,"minecraft:azure_bluet":4,"minecraft:chicken":9,"minecraft:ominous_bottle":1,"minecraft:ladder":4,"minecraft:brown_mushroom":126,"minecraft:wooden_pickaxe":1,"minecraft:brick":4,"minecraft:wind_charge":4,"minecraft:cornflower":7,"minecraft:oak_trapdoor":8,"minecraft:iron_axe":1,"minecraft:blackstone":3,"minecraft:beef":57,"minecraft:oak_boat":1,"minecraft:poppy":9,"minecraft:light_gray_wool":4,"minecraft:lectern":300,"minecraft:sugar_cane":84,"minecraft:chest":9,"minecraft:piston":12,"minecraft:dark_oak_sapling":3,"minecraft:raw_iron":205,"minecraft:oak_door":54,"minecraft:bowl":23,"minecraft:polished_blackstone_bricks":12,"minecraft:redstone":161,"minecraft:dark_oak_planks":173,"minecraft:arrow":22,"minecraft:diamond_chestplate":1,"minecraft:decorated_pot":2,"minecraft:diamond_boots":1,"minecraft:hay_block":22,"minecraft:saddle":2,"minecraft:gold_ingot":48,"minecraft:totem_of_undying":1,"minecraft:tuff_bricks":5,"minecraft:mutton":26,"minecraft:white_wool":47,"minecraft:oxeye_daisy":10,"minecraft:leather":33,"minecraft:red_mushroom":88,"minecraft:waxed_copper_bulb":1,"minecraft:oak_log":205,"minecraft:waxed_copper_block":2,"minecraft:golden_boots":1,"minecraft:yellow_bed":7,"minecraft:gunpowder":2,"minecraft:cobblestone_stairs":16,"minecraft:white_banner":3,"minecraft:cooked_mutton":6,"minecraft:apple":5,"minecraft:oak_fence_gate":3,"minecraft:iron_ingot":86,"minecraft:oak_slab":101,"minecraft:dandelion":39,"minecraft:gravel":90,"minecraft:soul_torch":10,"minecraft:blast_furnace":4,"minecraft:white_bed":19,"minecraft:polished_tuff":7,"minecraft:spider_eye":2,"minecraft:copper_grate":1,"minecraft:black_wool":1,"minecraft:stripped_dark_oak_log":1,"minecraft:coal":175,"minecraft:ender_pearl":3},"minecraft:dropped":{"minecraft:iron_sword":1,"minecraft:brown_mushroom":3,"minecraft:ominous_bottle":1,"minecraft:lapis_lazuli":28,"minecraft:cooked_beef":16,"minecraft:oak_log":9,"minecraft:ender_pearl":1,"minecraft:cooked_porkchop":1,"minecraft:crossbow":1,"minecraft:saddle":1,"minecraft:red_mushroom":6,"minecraft:cobblestone_stairs":3,"minecraft:dirt":22,"minecraft:dark_oak_log":112,"minecraft:iron_pickaxe":1,"minecraft:oak_door":4,"minecraft:gravel":2,"minecraft:cobbled_deepslate":10,"minecraft:wheat":510,"minecraft:pointed_dripstone":1,"minecraft:rotten_flesh":5,"minecraft:oak_planks":23,"minecraft:arrow":27,"minecraft:beef":6,"minecraft:ghast_tear":1,"minecraft:stone_hoe":1,"minecraft:bread":21,"minecraft:oak_slab":2,"minecraft:wheat_seeds":6,"minecraft:mossy_cobblestone":6,"minecraft:cobblestone":157,"minecraft:apple":5,"minecraft:milk_bucket":1,"minecraft:torch":1,"minecraft:redstone":39,"minecraft:bowl":14,"minecraft:iron_hoe":1,"minecraft:oak_sign":3,"minecraft:iron_chestplate":1,"minecraft:oak_sapling":1}},"DataVersion":3953}