{"stats":{"minecraft:custom":{"minecraft:animals_bred":2,"minecraft:interact_with_crafting_table":111,"minecraft:bell_ring":69,"minecraft:leave_game":8,"minecraft:time_since_death":326634,"minecraft:sprint_one_cm":790305,"minecraft:drop":245,"minecraft:talked_to_villager":29,"minecraft:play_time":337122,"minecraft:deaths":2,"minecraft:jump":4934,"minecraft:walk_on_water_one_cm":29972,"minecraft:interact_with_furnace":20,"minecraft:sleep_in_bed":16,"minecraft:damage_dealt":12887,"minecraft:crouch_one_cm":43829,"minecraft:interact_with_smoker":49,"minecraft:mob_kills":105,"minecraft:fill_cauldron":1,"minecraft:climb_one_cm":16033,"minecraft:walk_one_cm":753497,"minecraft:sneak_time":13300,"minecraft:walk_under_water_one_cm":6863,"minecraft:boat_one_cm":10373,"minecraft:interact_with_blast_furnace":11,"minecraft:total_world_time":337122,"minecraft:time_since_rest":5197,"minecraft:damage_taken":2851,"minecraft:swim_one_cm":19546,"minecraft:fly_one_cm":959395,"minecraft:open_chest":231,"minecraft:fall_one_cm":127707},"minecraft:dropped":{"minecraft:iron_sword":1,"minecraft:brown_mushroom":3,"minecraft:lapis_lazuli":28,"minecraft:oak_log":9,"minecraft:ender_pearl":1,"minecraft:cooked_porkchop":1,"minecraft:crossbow":1,"minecraft:red_mushroom":6,"minecraft:cobblestone_stairs":3,"minecraft:dirt":5,"minecraft:iron_pickaxe":1,"minecraft:gravel":2,"minecraft:cobbled_deepslate":10,"minecraft:wheat":227,"minecraft:pointed_dripstone":1,"minecraft:rotten_flesh":5,"minecraft:oak_planks":23,"minecraft:beef":6,"minecraft:ghast_tear":1,"minecraft:stone_hoe":1,"minecraft:bread":21,"minecraft:wheat_seeds":5,"minecraft:mossy_cobblestone":6,"minecraft:cobblestone":157,"minecraft:apple":5,"minecraft:torch":1,"minecraft:redstone":39,"minecraft:bowl":8,"minecraft:iron_hoe":1,"minecraft:oak_sign":3,"minecraft:iron_chestplate":1,"minecraft:oak_sapling":1},"minecraft:picked_up":{"minecraft:wooden_axe":1,"minecraft:wheat":143,"minecraft:lead":2,"minecraft:oak_stairs":106,"minecraft:enchanted_book":4,"minecraft:brewing_stand":2,"minecraft:string":2,"minecraft:dark_oak_pressure_plate":7,"minecraft:dark_oak_trapdoor":5,"minecraft:raw_copper":47,"minecraft:oak_sign":10,"minecraft:cobbled_deepslate":35,"minecraft:bucket":1,"minecraft:cobblestone_slab":14,"minecraft:iron_pickaxe":1,"minecraft:furnace":5,"minecraft:stick":8,"minecraft:oak_fence":19,"minecraft:torch":32,"minecraft:porkchop":25,"minecraft:pointed_dripstone":4,"minecraft:diorite":2,"minecraft:cauldron":1,"minecraft:rotten_flesh":32,"minecraft:obsidian":28,"minecraft:cobblestone":882,"minecraft:pink_petals":16,"minecraft:feather":14,"minecraft:lilac":1,"minecraft:andesite":63,"minecraft:smoker":4,"minecraft:potato":4,"minecraft:flint":6,"minecraft:dirt":487,"minecraft:lapis_lazuli":251,"minecraft:bone":5,"minecraft:bow":2,"minecraft:wheat_seeds":448,"minecraft:raw_gold":22,"minecraft:stone_hoe":2,"minecraft:oak_planks":103,"minecraft:ghast_tear":1,"minecraft:cooked_porkchop":1,"minecraft:waxed_chiseled_copper":1,"minecraft:dark_oak_log":200,"minecraft:mossy_cobblestone":30,"minecraft:iron_hoe":2,"minecraft:diamond":28,"minecraft:cracked_polished_blackstone_bricks":9,"minecraft:crossbow":1,"minecraft:granite":12,"minecraft:golden_apple":3,"minecraft:bread":12,"minecraft:emerald":1,"minecraft:oak_sapling":12,"minecraft:netherrack":30,"minecraft:diamond_pickaxe":1,"minecraft:fishing_rod":1,"minecraft:crafting_table":18,"minecraft:azure_bluet":4,"minecraft:ominous_bottle":1,"minecraft:chicken":9,"minecraft:ladder":4,"minecraft:brown_mushroom":126,"minecraft:wooden_pickaxe":1,"minecraft:brick":4,"minecraft:wind_charge":4,"minecraft:cornflower":7,"minecraft:oak_trapdoor":8,"minecraft:blackstone":3,"minecraft:beef":57,"minecraft:oak_boat":1,"minecraft:poppy":9,"minecraft:light_gray_wool":4,"minecraft:lectern":24,"minecraft:sugar_cane":84,"minecraft:chest":9,"minecraft:piston":8,"minecraft:dark_oak_sapling":2,"minecraft:raw_iron":205,"minecraft:oak_door":50,"minecraft:bowl":19,"minecraft:polished_blackstone_bricks":12,"minecraft:redstone":156,"minecraft:dark_oak_planks":69,"minecraft:arrow":20,"minecraft:diamond_chestplate":1,"minecraft:decorated_pot":2,"minecraft:diamond_boots":1,"minecraft:hay_block":22,"minecraft:saddle":1,"minecraft:gold_ingot":32,"minecraft:tuff_bricks":5,"minecraft:mutton":26,"minecraft:white_wool":47,"minecraft:oxeye_daisy":10,"minecraft:leather":33,"minecraft:red_mushroom":88,"minecraft:waxed_copper_bulb":1,"minecraft:oak_log":108,"minecraft:waxed_copper_block":2,"minecraft:golden_boots":1,"minecraft:yellow_bed":4,"minecraft:gunpowder":1,"minecraft:cobblestone_stairs":15,"minecraft:apple":5,"minecraft:iron_ingot":86,"minecraft:oak_fence_gate":3,"minecraft:oak_slab":94,"minecraft:dandelion":39,"minecraft:gravel":88,"minecraft:soul_torch":10,"minecraft:blast_furnace":2,"minecraft:white_bed":10,"minecraft:spider_eye":1,"minecraft:polished_tuff":7,"minecraft:copper_grate":1,"minecraft:black_wool":1,"minecraft:stripped_dark_oak_log":1,"minecraft:coal":129,"minecraft:ender_pearl":3},"minecraft:broken":{"minecraft:iron_shovel":1,"minecraft:stone_pickaxe":2,"minecraft:stone_axe":3,"minecraft:fishing_rod":1,"minecraft:stone_shovel":1,"minecraft:iron_axe":4,"minecraft:iron_pickaxe":2},"minecraft:used":{"minecraft:iron_shovel":311,"minecraft:poppy":1,"minecraft:ladder":10,"minecraft:oak_sign":1,"minecraft:chest":18,"minecraft:stone":1,"minecraft:grass_block":2,"minecraft:oak_sapling":6,"minecraft:furnace":5,"minecraft:golden_boots":1,"minecraft:diorite":1,"minecraft:diamond_boots":1,"minecraft:stone_pickaxe":268,"minecraft:oak_planks":141,"minecraft:blackstone":3,"minecraft:wooden_pickaxe":3,"minecraft:sugar_cane":18,"minecraft:white_wool":1,"minecraft:dark_oak_trapdoor":7,"minecraft:mushroom_stew":11,"minecraft:blast_furnace":5,"minecraft:waxed_chiseled_copper":1,"minecraft:dark_oak_log":4,"minecraft:bread":25,"minecraft:lectern":25,"minecraft:gravel":81,"minecraft:lilac":1,"minecraft:oak_boat":1,"minecraft:bone_meal":9,"minecraft:oak_fence":16,"minecraft:stone_shovel":132,"minecraft:stone_hoe":95,"minecraft:netherrack":30,"minecraft:oak_door":2,"minecraft:torch":74,"minecraft:dirt":364,"minecraft:granite":10,"minecraft:oak_fence_gate":1,"minecraft:iron_hoe":56,"minecraft:dark_oak_planks":164,"minecraft:iron_axe":927,"minecraft:diamond_chestplate":1,"minecraft:dark_oak_pressure_plate":11,"minecraft:cooked_beef":11,"minecraft:cobbled_deepslate":2,"minecraft:wheat_seeds":186,"minecraft:cooked_mutton":2,"minecraft:water_bucket":19,"minecraft:chiseled_bookshelf":1,"minecraft:cauldron":1,"minecraft:fletching_table":3,"minecraft:cobblestone_slab":2,"minecraft:mossy_cobblestone":1,"minecraft:crafting_table":19,"minecraft:oak_slab":346,"minecraft:white_bed":16,"minecraft:smoker":6,"minecraft:book":4,"minecraft:oak_log":13,"minecraft:piston":13,"minecraft:diamond_pickaxe":21,"minecraft:cracked_polished_blackstone_bricks":1,"minecraft:iron_pickaxe":564,"minecraft:copper_grate":1,"minecraft:stone_axe":370,"minecraft:fishing_rod":2,"minecraft:cobblestone":170,"minecraft:cooked_porkchop":11,"minecraft:bucket":19,"minecraft:yellow_bed":4},"minecraft:crafted":{"minecraft:smooth_stone":9,"minecraft:oak_planks":272,"minecraft:oak_sign":3,"minecraft:dark_oak_pressure_plate":4,"minecraft:cooked_chicken":9,"minecraft:stone":10,"minecraft:bookshelf":1,"minecraft:cooked_mutton":20,"minecraft:chest":9,"minecraft:stone_hoe":1,"minecraft:smoker":2,"minecraft:oak_slab":264,"minecraft:cauldron":1,"minecraft:cooked_porkchop":22,"minecraft:crafting_table":5,"minecraft:wooden_pickaxe":1,"minecraft:iron_helmet":1,"minecraft:fletching_table":3,"minecraft:lectern":1,"minecraft:iron_chestplate":1,"minecraft:book":5,"minecraft:paper":15,"minecraft:stick":52,"minecraft:iron_ingot":56,"minecraft:iron_pickaxe":3,"minecraft:shears":1,"minecraft:stone_shovel":1,"minecraft:furnace":5,"minecraft:blast_furnace":3,"minecraft:piston":5,"minecraft:dark_oak_trapdoor":2,"minecraft:mushroom_stew":64,"minecraft:bone_meal":9,"minecraft:iron_axe":6,"minecraft:ladder":6,"minecraft:iron_hoe":1,"minecraft:stone_pickaxe":2,"minecraft:chiseled_bookshelf":1,"minecraft:dark_oak_planks":332,"minecraft:wheat":198,"minecraft:cooked_beef":51,"minecraft:cooked_cod":6,"minecraft:iron_sword":1,"minecraft:bowl":64,"minecraft:cooked_salmon":10,"minecraft:dark_oak_button":1,"minecraft:bucket":1,"minecraft:stone_axe":3,"minecraft:air":0,"minecraft:bread":34,"minecraft:oak_boat":1,"minecraft:iron_shovel":2,"minecraft:iron_leggings":1,"minecraft:white_bed":6,"minecraft:torch":60},"minecraft:mined":{"minecraft:dark_oak_planks":70,"minecraft:white_bed":10,"minecraft:oak_sapling":1,"minecraft:farmland":1,"minecraft:cobblestone_stairs":6,"minecraft:brewing_stand":2,"minecraft:obsidian":14,"minecraft:grass_block":239,"minecraft:cracked_polished_blackstone_bricks":9,"minecraft:oxeye_daisy":5,"minecraft:polished_blackstone_bricks":12,"minecraft:dark_oak_trapdoor":5,"minecraft:fire":24,"minecraft:iron_ore":67,"minecraft:cobbled_deepslate":1,"minecraft:azure_bluet":2,"minecraft:dirt_path":36,"minecraft:water_cauldron":1,"minecraft:oak_stairs":54,"minecraft:piston_head":4,"minecraft:blackstone":3,"minecraft:smoker":3,"minecraft:torch":9,"minecraft:blast_furnace":2,"minecraft:poppy":5,"minecraft:chest":8,"minecraft:mushroom_stem":45,"minecraft:cobblestone":142,"minecraft:oak_planks":69,"minecraft:sugar_cane":41,"minecraft:waxed_chiseled_copper":1,"minecraft:wall_torch":11,"minecraft:pink_petals":4,"minecraft:waxed_copper_bulb":1,"minecraft:wheat":147,"minecraft:waxed_copper_block":1,"minecraft:oak_log":96,"minecraft:oak_fence_gate":3,"minecraft:dirt":146,"minecraft:red_mushroom_block":217,"minecraft:netherrack":13,"minecraft:piston":5,"minecraft:oak_leaves":44,"minecraft:deepslate":4,"minecraft:mossy_cobblestone":8,"minecraft:dark_oak_leaves":10,"minecraft:oak_door":12,"minecraft:dark_oak_log":139,"minecraft:ladder":2,"minecraft:dark_oak_pressure_plate":7,"minecraft:chiseled_bookshelf":1,"minecraft:decorated_pot":3,"minecraft:brown_mushroom_block":203,"minecraft:hay_block":22,"minecraft:redstone_ore":8,"minecraft:oak_trapdoor":8,"minecraft:furnace":5,"minecraft:andesite":21,"minecraft:deepslate_iron_ore":11,"minecraft:cobblestone_slab":1,"minecraft:trial_spawner":1,"minecraft:stone":426,"minecraft:oak_slab":74,"minecraft:glass_pane":6,"minecraft:stripped_dark_oak_log":1,"minecraft:dandelion":17,"minecraft:copper_grate":1,"minecraft:oak_fence":18,"minecraft:crafting_table":13,"minecraft:cornflower":4,"minecraft:short_grass":520,"minecraft:lectern":24,"minecraft:tall_grass":28,"minecraft:copper_ore":7,"minecraft:lapis_ore":5,"minecraft:diorite":1,"minecraft:yellow_bed":4,"minecraft:coal_ore":50,"minecraft:gravel":88,"minecraft:fern":6},"minecraft:killed":{"minecraft:spider":6,"minecraft:skeleton":7,"minecraft:chicken":9,"minecraft:pig":11,"minecraft:creeper":1,"minecraft:sheep":18,"minecraft:trader_llama":1,"minecraft:zombie":18,"minecraft:ghast":1,"minecraft:cow":31,"minecraft:wandering_trader":1}},"DataVersion":3953}